"quality","Count (quality)","Relative Frequency (quality)"
"5",681,0.425891181988743
"6",638,0.3989993746091307
"7",199,0.12445278298936835
"4",53,0.03314571607254534
"8",18,0.01125703564727955
"3",10,0.006253908692933083
